Barcode,Individual,Plate
GGACAAGCTA,55595.1_Cowlitz,Cowlitzeulachon2020
GGAACCGAGA,55595.10_Cowlitz,Cowlitzeulachon2020
GGAGCAGGAA,55595.11_Cowlitz,Cowlitzeulachon2020
GGCCGTGAGA,55595.12_Cowlitz,Cowlitzeulachon2020
GGGCCACATA,55595.13_Cowlitz,Cowlitzeulachon2020
GGTCCGTCTA,55595.14_Cowlitz,Cowlitzeulachon2020
GGACACTGAC,55595.15_Cowlitz,Cowlitzeulachon2020
GGCCGACAAC,55595.16_Cowlitz,Cowlitzeulachon2020
GGACATTGGC,55595.17_Cowlitz,Cowlitzeulachon2020
GGAACGCTTA,55595.18_Cowlitz,Cowlitzeulachon2020
GGAGTCACTA,55595.19_Cowlitz,Cowlitzeulachon2020
GGAACAACCA,55595.2_Cowlitz,Cowlitzeulachon2020
GGCCTCCTGA,55595.20_Cowlitz,Cowlitzeulachon2020
GGGCGAGTAA,55595.21_Cowlitz,Cowlitzeulachon2020
GGTCTTCACA,55595.22_Cowlitz,Cowlitzeulachon2020
GGACAGATTC,55595.23_Cowlitz,Cowlitzeulachon2020
GGAGTCAAGC,55595.24_Cowlitz,Cowlitzeulachon2020
GGACCACTGT,55595.25_Cowlitz,Cowlitzeulachon2020
GGAAGACGGA,55595.26_Cowlitz,Cowlitzeulachon2020
GGATCCTGTA,55595.27_Cowlitz,Cowlitzeulachon2020
GGCGAACTTA,55595.28_Cowlitz,Cowlitzeulachon2020
GGGCTAACGA,55595.29_Cowlitz,Cowlitzeulachon2020
GGAGATCGCA,55595.3_Cowlitz,Cowlitzeulachon2020
GGTGAAGAGA,55595.30_Cowlitz,Cowlitzeulachon2020
GGAGATGTAC,55595.31_Cowlitz,Cowlitzeulachon2020
GGCCTCTATC,55595.32_Cowlitz,Cowlitzeulachon2020
GGAACGTGAT,55595.33_Cowlitz,Cowlitzeulachon2020
GGAAGGTACA,55595.34_Cowlitz,Cowlitzeulachon2020
GGATTGAGGA,55595.35_Cowlitz,Cowlitzeulachon2020
GGCGACTGGA,55595.36_Cowlitz,Cowlitzeulachon2020
GGGCTCGGTA,55595.37_Cowlitz,Cowlitzeulachon2020
GGTGGAACAA,55595.38_Cowlitz,Cowlitzeulachon2020
GGAGCACCTC,55595.39_Cowlitz,Cowlitzeulachon2020
GGCCGAAGTA,55595.4_Cowlitz,Cowlitzeulachon2020
GGCGACACAC,55595.40_Cowlitz,Cowlitzeulachon2020
GGCGCTGATC,55595.41_Cowlitz,Cowlitzeulachon2020
GGACACAGAA,55595.42_Cowlitz,Cowlitzeulachon2020
GGCAACCACA,55595.43_Cowlitz,Cowlitzeulachon2020
GGCGCATACA,55595.44_Cowlitz,Cowlitzeulachon2020
GGGGAGAACA,55595.45_Cowlitz,Cowlitzeulachon2020
GGTGGCTTCA,55595.46_Cowlitz,Cowlitzeulachon2020
GGAGCCATGC,55595.47_Cowlitz,Cowlitzeulachon2020
GGCGGATTGC,55595.48_Cowlitz,Cowlitzeulachon2020
GGCAGATCTG,55595.49_Cowlitz,Cowlitzeulachon2020
GGGATAGACA,55595.5_Cowlitz,Cowlitzeulachon2020
GGACAGCAGA,55595.50_Cowlitz,Cowlitzeulachon2020
GGCAAGACTA,55595.51_Cowlitz,Cowlitzeulachon2020
GGCTCAATGA,55595.52_Cowlitz,Cowlitzeulachon2020
GGGGTGCGAA,55595.53_Cowlitz,Cowlitzeulachon2020
GGTGGTGGTA,55595.54_Cowlitz,Cowlitzeulachon2020
GGAGGCTAAC,55595.55_Cowlitz,Cowlitzeulachon2020
GGCTAAGGTC,55595.56_Cowlitz,Cowlitzeulachon2020
GGATGCCTAA,55595.57_Cowlitz,Cowlitzeulachon2020
GGACCTCCAA,55595.58_Cowlitz,Cowlitzeulachon2020
GGCAATGGAA,55595.59_Cowlitz,Cowlitzeulachon2020
GGTATCAGCA,55595.6_Cowlitz,Cowlitzeulachon2020
GGCTGAGCCA,55595.60_Cowlitz,Cowlitzeulachon2020
GGGTACGCAA,55595.61_Cowlitz,Cowlitzeulachon2020
GGTTCACGCA,55595.62_Cowlitz,Cowlitzeulachon2020
GGATAGCGAC,55595.63_Cowlitz,Cowlitzeulachon2020
GGGAACAGGC,55595.64_Cowlitz,Cowlitzeulachon2020
GGAACGAACG,55595.65_Cowlitz,Cowlitzeulachon2020
GGACGCTCGA,55595.66_Cowlitz,Cowlitzeulachon2020
GGCACTTCGA,55595.67_Cowlitz,Cowlitzeulachon2020
GGCTGGCATA,55595.68_Cowlitz,Cowlitzeulachon2020
GGGTCGTAGA,55595.69_Cowlitz,Cowlitzeulachon2020
GGAATGTTGC,55595.7_Cowlitz,Cowlitzeulachon2020
GGACACGAGA,55595.70_Cowlitz,Cowlitzeulachon2020
GGACGACAAG,55595.71_Cowlitz,Cowlitzeulachon2020
GGGACAGTGC,55595.72_Cowlitz,Cowlitzeulachon2020
GGAGTACAAG,55595.73_Cowlitz,Cowlitzeulachon2020
GGACGTATCA,55595.76_Cowlitz,Cowlitzeulachon2020
GGCAGCGTTA,55595.77_Cowlitz,Cowlitzeulachon2020
GGGAATCTGA,55595.78_Cowlitz,Cowlitzeulachon2020
GGGTCTGTCA,55595.79_Cowlitz,Cowlitzeulachon2020
GGCCATCCTC,55595.8_Cowlitz,Cowlitzeulachon2020
GGAAGAGATC,55595.80_Cowlitz,Cowlitzeulachon2020
GGATTGGCTC,55595.81_Cowlitz,Cowlitzeulachon2020
GGGAGTTAGC,55595.82_Cowlitz,Cowlitzeulachon2020
GGCATCAAGT,55595.83_Cowlitz,Cowlitzeulachon2020
GGACTATGCA,55595.84_Cowlitz,Cowlitzeulachon2020
GGCATACCAA,55595.85_Cowlitz,Cowlitzeulachon2020
GGGACTAGTA,55595.86_Cowlitz,Cowlitzeulachon2020
GGGTGTTCTA,55595.87_Cowlitz,Cowlitzeulachon2020
GGAAGGACAC,55595.88_Cowlitz,Cowlitzeulachon2020
GGCAAGGAGC,55595.89_Cowlitz,Cowlitzeulachon2020
GGAAACATCG,55595.9_Cowlitz,Cowlitzeulachon2020
GGGATGAATC,55595.90_Cowlitz,Cowlitzeulachon2020
GGAGTGGTCA,55595.91_Cowlitz,Cowlitzeulachon2020
GGAGAGTCAA,55595.92_Cowlitz,Cowlitzeulachon2020
GGCCAGTTCA,55595.93_Cowlitz,Cowlitzeulachon2020
GGGAGCTGAA,55595.94_Cowlitz,Cowlitzeulachon2020
GGTAGGATGA,55595.95_Cowlitz,Cowlitzeulachon2020
GGAATCCGTC,55595.96_Cowlitz,Cowlitzeulachon2020
GGCACCTTAC,55595.97_Cowlitz,Cowlitzeulachon2020
GGGCCAAGAC,55595.98_Cowlitz,Cowlitzeulachon2020
GGTATCAGCA,52518.1_Elwha_newNEB,newNEB
GGAATGTTGC,52518.1_Elwha_newNEB,newNEB
GGGCCACATA,52518.1_Lyre_newNEB,newNEB
GGACACTGAC,52518.1_Lyre_newNEB,newNEB
GGAAGGTACA,52518.1_Lyre_newNEB,newNEB
GGGATAGACA,52518.10_Elwha_newNEB,newNEB
GGAGTCAAGC,52518.10_Lyre_newNEB,newNEB
GGACCACTGT,52518.11_Lyre_newNEB,newNEB
GGATCCTGTA,52518.12_Lyre_newNEB,newNEB
GGAAGACGGA,52518.13_Lyre_newNEB,newNEB
GGCGAACTTA,52518.14_Lyre_newNEB,newNEB
GGGCTAACGA,52518.15_Lyre_newNEB,newNEB
GGCCATCCTC,52518.2_Elwha_newNEB,newNEB
GGCCGACAAC,52518.2_Lyre_newNEB,newNEB
GGAAACATCG,52518.3_Elwha_newNEB,newNEB
GGTCCGTCTA,52518.3_Lyre_newNEB,newNEB
GGACATTGGC,52518.3_Lyre_newNEB,newNEB
GGATTGAGGA,52518.3_Lyre_newNEB,newNEB
GGTGAAGAGA,52518.377_Lyre_newNEB,newNEB
GGAGATGTAC,52518.378_Lyre_newNEB,newNEB
GGCCTCTATC,52518.379_Lyre_newNEB,newNEB
GGAACGTGAT,52518.380_Lyre_newNEB,newNEB
GGCGACTGGA,52518.381_Lyre_newNEB,newNEB
GGGCTCGGTA,52518.382_Lyre_newNEB,newNEB
GGAACCGAGA,52518.4_Elwha_newNEB,newNEB
GGAACGCTTA,52518.4_Lyre_newNEB,newNEB
GGACAAGCTA,52518.5_Elwha_newNEB,newNEB
GGAGCAGGAA,52518.5_Elwha_newNEB,newNEB
GGAGTCACTA,52518.5_Lyre_newNEB,newNEB
GGAACAACCA,52518.6_Elwha_newNEB,newNEB
GGCCGTGAGA,52518.6_Elwha_newNEB,newNEB
GGCCTCCTGA,52518.6_Lyre_newNEB,newNEB
GGGCGAGTAA,52518.7_Lyre_newNEB,newNEB
GGAGATCGCA,52518.8_Elwha_newNEB,newNEB
GGTCTTCACA,52518.8_Lyre_newNEB,newNEB
GGCCGAAGTA,52518.9_Elwha_newNEB,newNEB
GGACAGATTC,52518.9_Lyre_newNEB,newNEB
GGTATCAGCA,52518.1_Elwha_oldNEB,oldNEB
GGAATGTTGC,52518.1_Elwha_oldNEB,oldNEB
GGGCCACATA,52518.1_Lyre_oldNEB,oldNEB
GGACACTGAC,52518.1_Lyre_oldNEB,oldNEB
GGAAGGTACA,52518.1_Lyre_oldNEB,oldNEB
GGGATAGACA,52518.10_Elwha_oldNEB,oldNEB
GGAGTCAAGC,52518.10_Lyre_oldNEB,oldNEB
GGACCACTGT,52518.11_Lyre_oldNEB,oldNEB
GGATCCTGTA,52518.12_Lyre_oldNEB,oldNEB
GGAAGACGGA,52518.13_Lyre_oldNEB,oldNEB
GGCGAACTTA,52518.14_Lyre_oldNEB,oldNEB
GGGCTAACGA,52518.15_Lyre_oldNEB,oldNEB
GGCCATCCTC,52518.2_Elwha_oldNEB,oldNEB
GGCCGACAAC,52518.2_Lyre_oldNEB,oldNEB
GGAAACATCG,52518.3_Elwha_oldNEB,oldNEB
GGTCCGTCTA,52518.3_Lyre_oldNEB,oldNEB
GGACATTGGC,52518.3_Lyre_oldNEB,oldNEB
GGATTGAGGA,52518.3_Lyre_oldNEB,oldNEB
GGTGAAGAGA,52518.377_Lyre_oldNEB,oldNEB
GGAGATGTAC,52518.378_Lyre_oldNEB,oldNEB
GGCCTCTATC,52518.379_Lyre_oldNEB,oldNEB
GGAACGTGAT,52518.380_Lyre_oldNEB,oldNEB
GGCGACTGGA,52518.381_Lyre_oldNEB,oldNEB
GGGCTCGGTA,52518.382_Lyre_oldNEB,oldNEB
GGAACCGAGA,52518.4_Elwha_oldNEB,oldNEB
GGAACGCTTA,52518.4_Lyre_oldNEB,oldNEB
GGACAAGCTA,52518.5_Elwha_oldNEB,oldNEB
GGAGCAGGAA,52518.5_Elwha_oldNEB,oldNEB
GGAGTCACTA,52518.5_Lyre_oldNEB,oldNEB
GGAACAACCA,52518.6_Elwha_oldNEB,oldNEB
GGCCGTGAGA,52518.6_Elwha_oldNEB,oldNEB
GGCCTCCTGA,52518.6_Lyre_oldNEB,oldNEB
GGGCGAGTAA,52518.7_Lyre_oldNEB,oldNEB
GGAGATCGCA,52518.8_Elwha_oldNEB,oldNEB
GGTCTTCACA,52518.8_Lyre_oldNEB,oldNEB
GGCCGAAGTA,52518.9_Elwha_oldNEB,oldNEB
GGACAGATTC,52518.9_Lyre_oldNEB,oldNEB
GGCCGAAGTA,51888.1_Elwha,RAD_plate01
GGTCCGTCTA,51888.11_Elwha,RAD_plate01
GGACACTGAC,51888.12_Elwha,RAD_plate01
GGAAACATCG,51888.13_Elwha,RAD_plate01
GGAACCGAGA,51888.14_Elwha,RAD_plate01
GGAGCAGGAA,51888.16_Elwha,RAD_plate01
GGCCGTGAGA,51888.17_Elwha,RAD_plate01
GGGATAGACA,51888.2_Elwha,RAD_plate01
GGTATCAGCA,51888.3_Elwha,RAD_plate01
GGGCCACATA,51888.30_Elwha,RAD_plate01
GGAATGTTGC,51888.4_Elwha,RAD_plate01
GGACAAGCTA,51888.6_Elwha,RAD_plate01
GGAACAACCA,51888.8_Elwha,RAD_plate01
GGAGATCGCA,51888.9_Elwha,RAD_plate01
GGACATTGGC,51889.1_Elwha,RAD_plate01
GGGCTAACGA,51889.11_Elwha,RAD_plate01
GGCCTCCTGA,51889.13_Elwha,RAD_plate01
GGAACGCTTA,51889.2_Elwha,RAD_plate01
GGAGTCACTA,51889.3_Elwha,RAD_plate01
GGTGAAGAGA,51889.5_Elwha,RAD_plate01
GGACCACTGT,51889.6_Elwha,RAD_plate01
GGAAGACGGA,51889.7_Elwha,RAD_plate01
GGATCCTGTA,51889.8_Elwha,RAD_plate01
GGCGAACTTA,51889.9_Elwha,RAD_plate01
GGACACGAGA,51933.1_Cowlitz,RAD_plate01
GGAGTACAAG,51933.10_Cowlitz,RAD_plate01
GGACGTATCA,51933.12_Cowlitz,RAD_plate01
GGCAGCGTTA,51933.16_Cowlitz,RAD_plate01
GGACGACAAG,51933.2_Cowlitz,RAD_plate01
GGGAATCTGA,51933.20_Cowlitz,RAD_plate01
GGGTCTGTCA,51933.21_Cowlitz,RAD_plate01
GGAAGAGATC,51933.23_Cowlitz,RAD_plate01
GGATTGGCTC,51933.25_Cowlitz,RAD_plate01
GGGAGTTAGC,51933.26_Cowlitz,RAD_plate01
GGCATCAAGT,51933.34_Cowlitz,RAD_plate01
GGACTATGCA,51933.36_Cowlitz,RAD_plate01
GGCATACCAA,51933.37_Cowlitz,RAD_plate01
GGGACAGTGC,51933.5_Cowlitz,RAD_plate01
GGGTGTTCTA,51934.25_Sandy,RAD_plate01
GGGACTAGTA,51934.7_Sandy,RAD_plate01
GGTCTTCACA,51983.10_Klamath,RAD_plate01
GGACAGATTC,51983.11_Klamath,RAD_plate01
GGAGTCAAGC,51983.12_Klamath,RAD_plate01
GGAACGTGAT,51983.17_Klamath,RAD_plate01
GGAAGGTACA,51983.18_Klamath,RAD_plate01
GGATTGAGGA,51983.19_Klamath,RAD_plate01
GGCGACTGGA,51983.20_Klamath,RAD_plate01
GGGCTCGGTA,51983.22_Klamath,RAD_plate01
GGTGGAACAA,51983.23_Klamath,RAD_plate01
GGCCTCTATC,51983.26_Klamath,RAD_plate01
GGCGCTGATC,51983.28_Klamath,RAD_plate01
GGACACAGAA,51983.29_Klamath,RAD_plate01
GGCAACCACA,51983.30_Klamath,RAD_plate01
GGAGCACCTC,51983.32_Klamath,RAD_plate01
GGCGACACAC,51983.35_Klamath,RAD_plate01
GGAGATGTAC,51983.5_Klamath,RAD_plate01
GGGATGAATC,51983.8_Klamath,RAD_plate01
GGGCGAGTAA,51983.9_Klamath,RAD_plate01
GGAGCCATGC,51984.10_Klamath,RAD_plate01
GGCGGATTGC,51984.12_Klamath,RAD_plate01
GGCAGATCTG,51984.18_Klamath,RAD_plate01
GGACAGCAGA,51984.23_Klamath,RAD_plate01
GGCAAGACTA,51984.34_Klamath,RAD_plate01
GGCTCAATGA,51984.35_Klamath,RAD_plate01
GGGGTGCGAA,51984.36_Klamath,RAD_plate01
GGCGCATACA,51984.4_Klamath,RAD_plate01
GGTGGTGGTA,51984.40_Klamath,RAD_plate01
GGAGGCTAAC,51984.44_Klamath,RAD_plate01
GGCTAAGGTC,51984.45_Klamath,RAD_plate01
GGGGAGAACA,51984.8_Klamath,RAD_plate01
GGTGGCTTCA,51984.9_Klamath,RAD_plate01
GGGTACGCAA,51985.13_Klamath,RAD_plate01
GGTTCACGCA,51985.19_Klamath,RAD_plate01
GGATAGCGAC,51985.23_Klamath,RAD_plate01
GGGAACAGGC,51985.26_Klamath,RAD_plate01
GGAACGAACG,51985.28_Klamath,RAD_plate01
GGACGCTCGA,51985.29_Klamath,RAD_plate01
GGATGCCTAA,51985.3_Klamath,RAD_plate01
GGCACTTCGA,51985.32_Klamath,RAD_plate01
GGCTGGCATA,51985.35_Klamath,RAD_plate01
GGGTCGTAGA,51985.39_Klamath,RAD_plate01
GGACCTCCAA,51985.6_Klamath,RAD_plate01
GGCAATGGAA,51985.8_Klamath,RAD_plate01
GGCTGAGCCA,51985.9_Klamath,RAD_plate01
GGAAGGACAC,52044.504_Fraser,RAD_plate01
GGCAAGGAGC,52044.510_Fraser,RAD_plate01
GGAGTGGTCA,52044.512_Fraser,RAD_plate01
GGAATCCGTC,52044.517_Fraser,RAD_plate01
GGAGAGTCAA,52044.518_Fraser,RAD_plate01
GGCACCTTAC,52044.523_Fraser,RAD_plate01
GGCCAGTTCA,52044.524_Fraser,RAD_plate01
GGGCCAAGAC,52044.529_Fraser,RAD_plate01
GGGAGCTGAA,52044.530_Fraser,RAD_plate01
GGCCATCCTC,52044.533_Fraser,RAD_plate01
GGTAGGATGA,52044.536_Fraser,RAD_plate01
GGCCGACAAC,52044.539_Fraser,RAD_plate01
GGACAAGCTA,52041.119_Kemano,RAD_plate02
GGCCGAAGTA,52041.120_Kemano,RAD_plate02
GGACATTGGC,52041.123_Kemano,RAD_plate02
GGACAGATTC,52041.124_Kemano,RAD_plate02
GGGATAGACA,52041.126_Kemano,RAD_plate02
GGCCGTGAGA,52041.128_Kemano,RAD_plate02
GGAACGCTTA,52041.129_Kemano,RAD_plate02
GGAGTCAAGC,52041.130_Kemano,RAD_plate02
GGAACAACCA,52041.131_Kemano,RAD_plate02
GGAAACATCG,52041.133_Kemano,RAD_plate02
GGGCCACATA,52041.134_Kemano,RAD_plate02
GGAACCGAGA,52041.139_Kemano,RAD_plate02
GGTATCAGCA,52041.144_Kemano,RAD_plate02
GGAGTCACTA,52041.147_Kemano,RAD_plate02
GGACCACTGT,52041.148_Kemano,RAD_plate02
GGTCCGTCTA,52041.152_Kemano,RAD_plate02
GGCCTCCTGA,52041.153_Kemano,RAD_plate02
GGAAGACGGA,52041.154_Kemano,RAD_plate02
GGAGATCGCA,52041.155_Kemano,RAD_plate02
GGAATGTTGC,52041.156_Kemano,RAD_plate02
GGGCGAGTAA,52041.159_Kemano,RAD_plate02
GGATCCTGTA,52041.160_Kemano,RAD_plate02
GGCCATCCTC,52041.162_Kemano,RAD_plate02
GGAGCAGGAA,52041.163_Kemano,RAD_plate02
GGACACTGAC,52041.164_Kemano,RAD_plate02
GGTCTTCACA,52041.165_Kemano,RAD_plate02
GGCGAACTTA,52041.166_Kemano,RAD_plate02
GGGCTCGGTA,52042.3303_Nass,RAD_plate02
GGCAACCACA,52042.3304_Nass,RAD_plate02
GGCAGATCTG,52042.3305_Nass,RAD_plate02
GGGGTGCGAA,52042.3306_Nass,RAD_plate02
GGAACGTGAT,52042.3308_Nass,RAD_plate02
GGTGGAACAA,52042.3309_Nass,RAD_plate02
GGCGCATACA,52042.3310_Nass,RAD_plate02
GGACAGCAGA,52042.3311_Nass,RAD_plate02
GGTGGTGGTA,52042.3312_Nass,RAD_plate02
GGCCGACAAC,52042.3313_Nass,RAD_plate02
GGAAGGTACA,52042.3314_Nass,RAD_plate02
GGAGCACCTC,52042.3315_Nass,RAD_plate02
GGGGAGAACA,52042.3316_Nass,RAD_plate02
GGCAAGACTA,52042.3317_Nass,RAD_plate02
GGAGGCTAAC,52042.3318_Nass,RAD_plate02
GGCTCAATGA,52042.3323_Nass,RAD_plate02
GGCTAAGGTC,52042.3324_Nass,RAD_plate02
GGGCTAACGA,52042.3325_Nass,RAD_plate02
GGATTGAGGA,52042.3326_Nass,RAD_plate02
GGCGCTGATC,52042.3327_Nass,RAD_plate02
GGTGGCTTCA,52042.3328_Nass,RAD_plate02
GGTGAAGAGA,52042.3331_Nass,RAD_plate02
GGCGACTGGA,52042.3332_Nass,RAD_plate02
GGACACAGAA,52042.3333_Nass,RAD_plate02
GGAGCCATGC,52042.3334_Nass,RAD_plate02
GGCGGATTGC,52042.3335_Nass,RAD_plate02
GGAGATGTAC,52042.3337_Nass,RAD_plate02
GGATGCCTAA,52042.3342_Nass,RAD_plate02
GGCCTCTATC,52042.3343_Nass,RAD_plate02
GGCGACACAC,52042.3346_Nass,RAD_plate02
GGACCTCCAA,52043.48_Skeena,RAD_plate02
GGGAACAGGC,52043.49_Skeena,RAD_plate02
GGAACGAACG,52043.50_Skeena,RAD_plate02
GGGACAGTGC,52043.52_Skeena,RAD_plate02
GGACGTATCA,52043.53_Skeena,RAD_plate02
GGACGCTCGA,52043.56_Skeena,RAD_plate02
GGGTCGTAGA,52043.57_Skeena,RAD_plate02
GGCAATGGAA,52043.60_Skeena,RAD_plate02
GGACACGAGA,52043.63_Skeena,RAD_plate02
GGCAGCGTTA,52043.65_Skeena,RAD_plate02
GGCTGAGCCA,52043.66_Skeena,RAD_plate02
GGGTACGCAA,52043.72_Skeena,RAD_plate02
GGAGTACAAG,52043.76_Skeena,RAD_plate02
GGGAATCTGA,52043.77_Skeena,RAD_plate02
GGTTCACGCA,52043.78_Skeena,RAD_plate02
GGCACTTCGA,52043.80_Skeena,RAD_plate02
GGATAGCGAC,52043.84_Skeena,RAD_plate02
GGACGACAAG,52043.87_Skeena,RAD_plate02
GGCTGGCATA,52043.92_Skeena,RAD_plate02
GGCATCAAGT,52044.501_Fraser,RAD_plate02
GGAGTGGTCA,52044.502_Fraser,RAD_plate02
GGACTATGCA,52044.507_Fraser,RAD_plate02
GGAGAGTCAA,52044.508_Fraser,RAD_plate02
GGGTCTGTCA,52044.509_Fraser,RAD_plate02
GGCATACCAA,52044.513_Fraser,RAD_plate02
GGCCAGTTCA,52044.514_Fraser,RAD_plate02
GGAAGAGATC,52044.515_Fraser,RAD_plate02
GGGACTAGTA,52044.519_Fraser,RAD_plate02
GGGAGCTGAA,52044.520_Fraser,RAD_plate02
GGATTGGCTC,52044.521_Fraser,RAD_plate02
GGGATGAATC,52044.522_Fraser,RAD_plate02
GGGTGTTCTA,52044.525_Fraser,RAD_plate02
GGTAGGATGA,52044.526_Fraser,RAD_plate02
GGAAGGACAC,52044.531_Fraser,RAD_plate02
GGAATCCGTC,52044.532_Fraser,RAD_plate02
GGCAAGGAGC,52044.537_Fraser,RAD_plate02
GGCACCTTAC,52044.538_Fraser,RAD_plate02
GGGAGTTAGC,52044.539_Fraser,RAD_plate02
GGGCCAAGAC,52044.540_Fraser,RAD_plate02
GGTGGAACAA,51888.10_Elwha,RAD_plate03
GGCATCAAGT,51933.13_Cowlitz,RAD_plate03
GGACTATGCA,51933.14_Cowlitz,RAD_plate03
GGCATACCAA,51933.15_Cowlitz,RAD_plate03
GGGACTAGTA,51933.17_Cowlitz,RAD_plate03
GGATTGGCTC,51933.18_Cowlitz,RAD_plate03
GGGAGTTAGC,51933.19_Cowlitz,RAD_plate03
GGGTGTTCTA,51933.24_Cowlitz,RAD_plate03
GGAAGGACAC,51933.27_Cowlitz,RAD_plate03
GGCAAGGAGC,51933.28_Cowlitz,RAD_plate03
GGGATGAATC,51933.29_Cowlitz,RAD_plate03
GGAGTGGTCA,51933.31_Cowlitz,RAD_plate03
GGAGAGTCAA,51933.32_Cowlitz,RAD_plate03
GGCCAGTTCA,51933.35_Cowlitz,RAD_plate03
GGGAGCTGAA,51933.38_Cowlitz,RAD_plate03
GGTAGGATGA,51933.39_Cowlitz,RAD_plate03
GGACGTATCA,51933.4_Cowlitz,RAD_plate03
GGAATCCGTC,51933.48_Cowlitz,RAD_plate03
GGCAGCGTTA,51933.6_Cowlitz,RAD_plate03
GGGAATCTGA,51933.7_Cowlitz,RAD_plate03
GGGTCTGTCA,51933.8_Cowlitz,RAD_plate03
GGAAGAGATC,51933.9_Cowlitz,RAD_plate03
GGACAAGCTA,51983.1_Klamath,RAD_plate03
GGAATGTTGC,51983.16_Klamath,RAD_plate03
GGCCATCCTC,51983.24_Klamath,RAD_plate03
GGAAACATCG,51983.25_Klamath,RAD_plate03
GGAACCGAGA,51983.27_Klamath,RAD_plate03
GGAACAACCA,51983.3_Klamath,RAD_plate03
GGAGCAGGAA,51983.31_Klamath,RAD_plate03
GGCCGTGAGA,51983.34_Klamath,RAD_plate03
GGGCCACATA,51983.36_Klamath,RAD_plate03
GGTCCGTCTA,51983.37_Klamath,RAD_plate03
GGAGATCGCA,51983.4_Klamath,RAD_plate03
GGCCGAAGTA,51983.6_Klamath,RAD_plate03
GGGATAGACA,51983.7_Klamath,RAD_plate03
GGACACTGAC,51984.1_Klamath,RAD_plate03
GGGCGAGTAA,51984.11_Klamath,RAD_plate03
GGACCACTGT,51984.13_Klamath,RAD_plate03
GGAAGACGGA,51984.14_Klamath,RAD_plate03
GGATCCTGTA,51984.15_Klamath,RAD_plate03
GGCGAACTTA,51984.16_Klamath,RAD_plate03
GGGCTAACGA,51984.17_Klamath,RAD_plate03
GGAACGTGAT,51984.19_Klamath,RAD_plate03
GGCCGACAAC,51984.2_Klamath,RAD_plate03
GGAAGGTACA,51984.20_Klamath,RAD_plate03
GGATTGAGGA,51984.21_Klamath,RAD_plate03
GGCGACTGGA,51984.22_Klamath,RAD_plate03
GGTCTTCACA,51984.24_Klamath,RAD_plate03
GGACAGATTC,51984.25_Klamath,RAD_plate03
GGAGTCAAGC,51984.26_Klamath,RAD_plate03
GGCGCTGATC,51984.27_Klamath,RAD_plate03
GGACACAGAA,51984.28_Klamath,RAD_plate03
GGCAACCACA,51984.29_Klamath,RAD_plate03
GGACATTGGC,51984.3_Klamath,RAD_plate03
GGCGCATACA,51984.30_Klamath,RAD_plate03
GGGGAGAACA,51984.31_Klamath,RAD_plate03
GGTGGCTTCA,51984.32_Klamath,RAD_plate03
GGTGAAGAGA,51984.37_Klamath,RAD_plate03
GGAGATGTAC,51984.41_Klamath,RAD_plate03
GGCCTCTATC,51984.42_Klamath,RAD_plate03
GGGCTCGGTA,51984.43_Klamath,RAD_plate03
GGAACGCTTA,51984.5_Klamath,RAD_plate03
GGAGTCACTA,51984.6_Klamath,RAD_plate03
GGCCTCCTGA,51984.7_Klamath,RAD_plate03
GGCAGATCTG,51985.10_Klamath,RAD_plate03
GGACAGCAGA,51985.11_Klamath,RAD_plate03
GGCAAGACTA,51985.12_Klamath,RAD_plate03
GGCTCAATGA,51985.14_Klamath,RAD_plate03
GGGGTGCGAA,51985.15_Klamath,RAD_plate03
GGTGGTGGTA,51985.16_Klamath,RAD_plate03
GGAGGCTAAC,51985.17_Klamath,RAD_plate03
GGAGCACCTC,51985.2_Klamath,RAD_plate03
GGCTAAGGTC,51985.20_Klamath,RAD_plate03
GGATGCCTAA,51985.22_Klamath,RAD_plate03
GGACCTCCAA,51985.24_Klamath,RAD_plate03
GGCAATGGAA,51985.25_Klamath,RAD_plate03
GGCTGAGCCA,51985.27_Klamath,RAD_plate03
GGGTACGCAA,51985.30_Klamath,RAD_plate03
GGTTCACGCA,51985.31_Klamath,RAD_plate03
GGATAGCGAC,51985.33_Klamath,RAD_plate03
GGGAACAGGC,51985.34_Klamath,RAD_plate03
GGAACGAACG,51985.36_Klamath,RAD_plate03
GGACGCTCGA,51985.37_Klamath,RAD_plate03
GGCACTTCGA,51985.38_Klamath,RAD_plate03
GGAGCCATGC,51985.4_Klamath,RAD_plate03
GGAGTACAAG,51985.40_Klamath,RAD_plate03
GGCTGGCATA,51985.41_Klamath,RAD_plate03
GGGTCGTAGA,51985.42_Klamath,RAD_plate03
GGACACGAGA,51985.43_Klamath,RAD_plate03
GGACGACAAG,51985.44_Klamath,RAD_plate03
GGGACAGTGC,51985.45_Klamath,RAD_plate03
GGCGGATTGC,51985.5_Klamath,RAD_plate03
GGCGACACAC,51985.7_Klamath,RAD_plate03
GGCACCTTAC,52041.145_Kemano,RAD_plate03
GGGCCAAGAC,52041.151_Kemano,RAD_plate03
GGTATCAGCA,52044.535_Fraser,RAD_plate03
GGACAAGCTA,51934.1_Sandy,RAD_plate04
GGAACCGAGA,51934.10_Sandy,RAD_plate04
GGAGCAGGAA,51934.11_Sandy,RAD_plate04
GGCCGTGAGA,51934.12_Sandy,RAD_plate04
GGGCCACATA,51934.13_Sandy,RAD_plate04
GGTCCGTCTA,51934.14_Sandy,RAD_plate04
GGACACTGAC,51934.15_Sandy,RAD_plate04
GGCCGACAAC,51934.16_Sandy,RAD_plate04
GGGATAGACA,51934.17_Sandy,RAD_plate04
GGTATCAGCA,51934.18_Sandy,RAD_plate04
GGAATGTTGC,51934.19_Sandy,RAD_plate04
GGAACAACCA,51934.2_Sandy,RAD_plate04
GGACATTGGC,51934.21_Sandy,RAD_plate04
GGAACGCTTA,51934.22_Sandy,RAD_plate04
GGCCATCCTC,51934.24_Sandy,RAD_plate04
GGAGTCACTA,51934.26_Sandy,RAD_plate04
GGCCTCCTGA,51934.27_Sandy,RAD_plate04
GGACCACTGT,51934.33_Sandy,RAD_plate04
GGAAGACGGA,51934.34_Sandy,RAD_plate04
GGATCCTGTA,51934.35_Sandy,RAD_plate04
GGCGAACTTA,51934.36_Sandy,RAD_plate04
GGGCTAACGA,51934.37_Sandy,RAD_plate04
GGTGAAGAGA,51934.38_Sandy,RAD_plate04
GGAGATGTAC,51934.39_Sandy,RAD_plate04
GGCCTCTATC,51934.40_Sandy,RAD_plate04
GGAACGTGAT,51934.41_Sandy,RAD_plate04
GGAAGGTACA,51934.42_Sandy,RAD_plate04
GGATTGAGGA,51934.43_Sandy,RAD_plate04
GGCGACTGGA,51934.44_Sandy,RAD_plate04
GGGCTCGGTA,51934.45_Sandy,RAD_plate04
GGTGGAACAA,51934.46_Sandy,RAD_plate04
GGAGATCGCA,51934.5_Sandy,RAD_plate04
GGCCGAAGTA,51934.6_Sandy,RAD_plate04
GGAAACATCG,51934.9_Sandy,RAD_plate04
GGCGCTGATC,52028.01_Sandy,RAD_plate04
GGACACAGAA,52028.02_Sandy,RAD_plate04
GGCAACCACA,52028.03_Sandy,RAD_plate04
GGCGCATACA,52028.04_Sandy,RAD_plate04
GGGGAGAACA,52028.05_Sandy,RAD_plate04
GGTGGCTTCA,52028.06_Sandy,RAD_plate04
GGAGCCATGC,52028.07_Sandy,RAD_plate04
GGCGGATTGC,52028.08_Sandy,RAD_plate04
GGCAGATCTG,52028.09_Sandy,RAD_plate04
GGACAGCAGA,52028.10_Sandy,RAD_plate04
GGCAAGACTA,52028.11_Sandy,RAD_plate04
GGTCTTCACA,52028.12_Sandy,RAD_plate04
GGCTCAATGA,52028.13_Sandy,RAD_plate04
GGGGTGCGAA,52028.14_Sandy,RAD_plate04
GGTGGTGGTA,52028.15_Sandy,RAD_plate04
GGAGGCTAAC,52028.17_Sandy,RAD_plate04
GGCTAAGGTC,52028.20_Sandy,RAD_plate04
GGAGCACCTC,52028.22_Sandy,RAD_plate04
GGCGACACAC,52028.24_Sandy,RAD_plate04
GGGCGAGTAA,52028.25_Sandy,RAD_plate04
GGACAGATTC,52034.01_Grays,RAD_plate04
GGAGTCAAGC,52034.08_Grays,RAD_plate04
GGATGCCTAA,52034.09_Grays,RAD_plate04
GGACCTCCAA,52034.10_Grays,RAD_plate04
GGCAATGGAA,52034.11_Grays,RAD_plate04
GGCTGAGCCA,52034.12_Grays,RAD_plate04
GGGTACGCAA,52034.13_Grays,RAD_plate04
GGTTCACGCA,52034.14_Grays,RAD_plate04
GGATAGCGAC,52034.16_Grays,RAD_plate04
GGGAACAGGC,52034.17_Grays,RAD_plate04
GGAACGAACG,52034.25_Grays,RAD_plate04
GGCACTTCGA,52034.27_Grays,RAD_plate04
GGCTGGCATA,52034.28_Grays,RAD_plate04
GGGTCGTAGA,52034.29_Grays,RAD_plate04
GGACACGAGA,52034.30_Grays,RAD_plate04
GGGACAGTGC,52034.32_Grays,RAD_plate04
GGAGTACAAG,52034.33_Grays,RAD_plate04
GGACGTATCA,52034.34_Grays,RAD_plate04
GGCAGCGTTA,52034.35_Grays,RAD_plate04
GGGAATCTGA,52034.36_Grays,RAD_plate04
GGGTCTGTCA,52034.37_Grays,RAD_plate04
GGAAGAGATC,52034.38_Grays,RAD_plate04
GGATTGGCTC,52034.39_Grays,RAD_plate04
GGGAGTTAGC,52034.40_Grays,RAD_plate04
GGCATCAAGT,52034.41_Grays,RAD_plate04
GGACTATGCA,52034.42_Grays,RAD_plate04
GGCATACCAA,52034.43_Grays,RAD_plate04
GGGACTAGTA,52034.44_Grays,RAD_plate04
GGGTGTTCTA,52034.45_Grays,RAD_plate04
GGAAGGACAC,52034.46_Grays,RAD_plate04
GGCAAGGAGC,52034.47_Grays,RAD_plate04
GGGATGAATC,52034.48_Grays,RAD_plate04
GGACGCTCGA,52041.121_Kemano,RAD_plate04
GGACGACAAG,52041.127_Kemano,RAD_plate04
GGTAGGATGA,52041.132_Kemano,RAD_plate04
GGAGTGGTCA,52041.137_Kemano,RAD_plate04
GGAATCCGTC,52041.138_Kemano,RAD_plate04
GGAGAGTCAA,52041.143_Kemano,RAD_plate04
GGCCAGTTCA,52041.149_Kemano,RAD_plate04
GGCACCTTAC,52041.150_Kemano,RAD_plate04
GGGCCAAGAC,52041.157_Kemano,RAD_plate04
GGGAGCTGAA,52041.161_Kemano,RAD_plate04